,N,종목명,현재가,전일비,등락률,액면가,시가총액,상장주식수,외국인비율,거래량,PER,ROE,토론실
1,1.0,삼성전자,85000.0,3000.0,+3.66%,100.0,5074315.0,5969783.0,55.33,36812189.0,39.89,4.15,
2,2.0,SK하이닉스,186300.0,800.0,+0.43%,5000.0,1356268.0,728002.0,54.72,4192937.0,-14.88,-15.61,
3,3.0,LG에너지솔루션,393000.0,2500.0,-0.63%,500.0,919620.0,234000.0,4.98,162941.0,74.33,6.36,
4,4.0,삼성바이오로직스,816000.0,0.0,0.00%,2500.0,580780.0,71174.0,11.99,42783.0,67.71,9.12,
5,5.0,삼성전자우,69900.0,1900.0,+2.79%,100.0,575198.0,822887.0,75.5,2648847.0,32.8,,
9,6.0,현대차,220000.0,7500.0,-3.30%,5000.0,465369.0,211532.0,38.23,1715356.0,5.05,13.68,
10,7.0,기아,104700.0,4000.0,-3.68%,5000.0,420940.0,402044.0,40.29,2417715.0,4.81,20.44,
11,8.0,셀트리온,183800.0,4300.0,-2.29%,1000.0,400775.0,218050.0,23.03,509235.0,50.51,5.07,
12,9.0,POSCO홀딩스,409500.0,8500.0,-2.03%,5000.0,346319.0,84571.0,27.22,515265.0,20.39,3.18,
13,10.0,NAVER,192000.0,2300.0,-1.18%,100.0,311824.0,162409.0,45.56,914629.0,31.07,4.41,
17,11.0,삼성SDI,453000.0,1000.0,-0.22%,5000.0,311503.0,68765.0,42.28,365095.0,15.87,11.48,
18,12.0,LG화학,424000.0,6500.0,-1.51%,5000.0,299312.0,70592.0,39.91,249332.0,24.81,4.2,
19,13.0,삼성물산,155000.0,2600.0,-1.65%,100.0,287667.0,185592.0,24.63,358500.0,13.11,7.28,
20,14.0,KB금융,68900.0,500.0,+0.73%,5000.0,278019.0,403511.0,75.63,1332794.0,5.91,9.17,
21,15.0,현대모비스,247500.0,3500.0,-1.39%,5000.0,231796.0,93655.0,40.1,193722.0,6.81,8.73,
25,16.0,신한지주,44900.0,650.0,-1.43%,5000.0,230229.0,512759.0,61.01,1923993.0,5.35,8.36,
26,17.0,카카오,51200.0,2600.0,-4.83%,100.0,227919.0,445153.0,28.2,2843504.0,-22.5,-10.26,
27,18.0,포스코퓨처엠,287000.0,9000.0,-3.04%,500.0,222319.0,77463.0,9.02,323768.0,773.58,1.19,
28,19.0,삼성생명,92900.0,1400.0,+1.53%,500.0,185800.0,200000.0,19.5,327948.0,7.43,5.73,
29,20.0,하나금융지주,56500.0,100.0,+0.18%,5000.0,165181.0,292357.0,70.51,1386068.0,4.87,9.01,
33,21.0,메리츠금융지주,81100.0,900.0,-1.10%,500.0,164935.0,203372.0,16.61,316892.0,7.65,30.32,
34,22.0,LG전자,96500.0,0.0,0.00%,5000.0,157920.0,163648.0,29.98,485784.0,24.48,3.69,
35,23.0,삼성화재,310000.0,5000.0,+1.64%,500.0,146862.0,47375.0,53.58,93696.0,8.61,9.7,
36,24.0,한미반도체,145500.0,3200.0,+2.25%,100.0,141629.0,97339.0,16.06,4866634.0,53.01,55.54,
37,25.0,한국전력,21550.0,550.0,-2.49%,5000.0,138343.0,641964.0,15.14,1975644.0,-2.87,-12.63,
41,26.0,LG,85500.0,1100.0,-1.27%,5000.0,134492.0,157301.0,35.51,208793.0,10.87,4.89,
42,27.0,SK,178000.0,1000.0,+0.56%,200.0,130293.0,73198.0,24.78,107842.0,-16.96,-3.67,
43,28.0,카카오뱅크,26550.0,850.0,-3.10%,5000.0,126623.0,476921.0,16.81,1045995.0,37.24,4.68,
44,29.0,삼성에스디에스,160400.0,5000.0,-3.02%,500.0,124114.0,77378.0,18.52,133083.0,17.9,8.22,
45,30.0,한화에어로스페이스,241000.0,32000.0,+15.31%,5000.0,122018.0,50630.0,35.92,3096250.0,14.93,25.6,
49,31.0,크래프톤,252000.0,1500.0,+0.60%,100.0,121879.0,48364.0,34.84,122245.0,20.62,11.16,
50,32.0,KT&G,91300.0,200.0,-0.22%,5000.0,118984.0,130322.0,44.27,159087.0,13.8,9.76,
51,33.0,SK이노베이션,121800.0,4400.0,+3.75%,5000.0,116606.0,95736.0,22.91,508750.0,46.42,1.22,
52,34.0,삼성전기,155000.0,1100.0,+0.71%,5000.0,115775.0,74694.0,31.45,474806.0,28.44,5.5,
53,35.0,HD현대중공업,124900.0,3600.0,+2.97%,5000.0,110878.0,88773.0,7.87,195396.0,449.28,0.47,
57,36.0,SK텔레콤,51500.0,700.0,-1.34%,100.0,110617.0,214790.0,42.61,489241.0,10.31,9.63,
58,37.0,HMM,15700.0,170.0,-1.07%,5000.0,108179.0,689039.0,10.69,1548699.0,8.58,4.59,
59,38.0,두산에너빌리티,16780.0,490.0,-2.84%,5000.0,107486.0,640561.0,17.78,5048786.0,192.87,0.78,
60,39.0,SK스퀘어,77200.0,1700.0,+2.25%,100.0,107293.0,138981.0,49.77,568333.0,-8.45,-8.04,
61,40.0,우리금융지주,14050.0,20.0,-0.14%,5000.0,105649.0,751949.0,41.21,1664231.0,4.15,8.3,
65,41.0,기업은행,13220.0,90.0,-0.68%,5000.0,105420.0,797426.0,14.89,1618068.0,3.67,9.85,
66,42.0,KT,37000.0,700.0,-1.86%,5000.0,95408.0,257861.0,45.38,703570.0,9.52,6.05,
67,43.0,고려아연,446500.0,4500.0,-1.00%,5000.0,93357.0,20909.0,17.93,25942.0,17.09,5.72,
68,44.0,하이브,222500.0,4000.0,-1.77%,500.0,92676.0,41652.0,21.05,271190.0,49.4,6.58,
69,45.0,포스코인터내셔널,52400.0,400.0,-0.76%,5000.0,92184.0,175923.0,6.96,372858.0,13.67,13.36,
73,46.0,S-Oil,80400.0,2400.0,+3.08%,2500.0,90517.0,112583.0,78.69,422825.0,9.88,10.83,
74,47.0,한화오션,28250.0,300.0,+1.07%,5000.0,86546.0,306359.0,17.05,1280860.0,37.32,6.33,
75,48.0,에코프로머티,123500.0,8000.0,-6.08%,500.0,85197.0,68985.0,2.51,471725.0,1452.94,0.91,
76,49.0,HD한국조선해양,119800.0,100.0,+0.08%,5000.0,84786.0,70773.0,26.84,162018.0,38.24,2.26,
77,50.0,대한항공,21650.0,400.0,-1.81%,5000.0,79720.0,368221.0,16.69,801173.0,7.54,11.46,
1,51.0,KODEX CD금리액티브(합성),1031545.0,105.0,+0.01%,0.0,79162.0,7674.0,0.01,207742.0,,,
2,52.0,아모레퍼시픽,134200.0,5100.0,+3.95%,500.0,78497.0,58493.0,28.14,326572.0,51.46,3.72,
3,53.0,삼성중공업,8650.0,90.0,+1.05%,1000.0,76120.0,880000.0,24.11,8019390.0,-51.49,-4.22,
4,54.0,KODEX 200,38080.0,105.0,+0.28%,0.0,73742.0,193650.0,24.09,3805264.0,,,
5,55.0,포스코DX,47550.0,600.0,-1.25%,500.0,72293.0,152035.0,6.11,671837.0,78.73,21.08,
9,56.0,SK바이오팜,89900.0,2100.0,-2.28%,500.0,70404.0,78313.0,9.87,114547.0,-214.05,-10.96,
10,57.0,TIGER CD금리투자KIS(합성),54070.0,0.0,0.00%,0.0,69602.0,128726.0,0.0,342366.0,,,
11,58.0,DB손해보험,95200.0,2000.0,+2.15%,500.0,67402.0,70800.0,47.28,185058.0,4.39,16.45,
12,59.0,금양,113900.0,4300.0,-3.64%,500.0,66119.0,58050.0,9.95,380415.0,-109.52,-38.52,
13,60.0,HD현대일렉트릭,182000.0,500.0,+0.28%,5000.0,65606.0,36047.0,27.48,457564.0,25.32,27.71,
17,61.0,한국타이어앤테크놀로지,52600.0,1700.0,-3.13%,500.0,65158.0,123875.0,40.85,242710.0,9.05,7.85,
18,62.0,현대글로비스,172900.0,2100.0,-1.20%,500.0,64838.0,37500.0,48.26,108038.0,6.11,14.52,
19,63.0,LG생활건강,401000.0,4000.0,-0.99%,5000.0,62629.0,15618.0,26.97,88330.0,49.77,2.65,
20,64.0,엘앤에프,168700.0,4300.0,-2.49%,500.0,61164.0,36256.0,20.81,274726.0,-31.4,-16.35,
21,65.0,유한양행,75700.0,3500.0,-4.42%,1000.0,60718.0,80209.0,20.5,988254.0,45.28,6.74,
25,66.0,맥쿼리인프라,12760.0,40.0,-0.31%,0.0,55606.0,435781.0,13.06,706206.0,,,
26,67.0,HD현대,70300.0,200.0,-0.28%,1000.0,55532.0,78993.0,16.68,144862.0,21.0,3.57,
27,68.0,KODEX KOFR금리액티브(합성),106320.0,10.0,+0.01%,0.0,53845.0,50644.0,0.0,330405.0,,,
28,69.0,두산로보틱스,81700.0,3200.0,-3.77%,500.0,52958.0,64820.0,1.65,694432.0,-272.33,-6.59,
29,70.0,넷마블,61600.0,2400.0,-3.75%,100.0,52947.0,85954.0,24.26,78034.0,-20.71,-4.9,
33,71.0,LG디스플레이,10550.0,280.0,-2.59%,5000.0,52750.0,500000.0,21.07,1767949.0,-1.53,-31.95,
34,72.0,롯데케미칼,123300.0,1200.0,-0.96%,5000.0,52742.0,42775.0,26.87,129158.0,-103.27,-0.33,
35,73.0,두산밥캣,52500.0,1300.0,-2.42%,500.0,52631.0,100249.0,40.59,184085.0,5.71,16.79,
36,74.0,코스모신소재,159200.0,1000.0,-0.62%,1000.0,51757.0,32511.0,13.7,110313.0,184.47,7.41,
37,75.0,현대차2우B,142900.0,5200.0,-3.51%,5000.0,51616.0,36121.0,63.44,309240.0,3.28,,
41,76.0,카카오페이,38050.0,1050.0,-2.69%,500.0,51116.0,134338.0,39.7,257073.0,2002.63,0.14,
42,77.0,한국항공우주,52300.0,200.0,+0.38%,5000.0,50979.0,97475.0,28.75,536985.0,22.76,14.81,
43,78.0,SK아이이테크놀로지,71000.0,1900.0,-2.61%,1000.0,50621.0,71298.0,12.26,128459.0,61.63,3.58,
44,79.0,LG이노텍,204500.0,1500.0,-0.73%,5000.0,48399.0,23667.0,22.42,114831.0,8.56,12.59,
45,80.0,삼성엔지니어링,24650.0,550.0,-2.18%,5000.0,48314.0,196000.0,48.3,767755.0,6.41,24.45,
49,81.0,한화솔루션,27750.0,1300.0,-4.48%,5000.0,47700.0,171893.0,23.93,1312548.0,-23.68,-2.48,
50,82.0,미래에셋증권,7980.0,10.0,+0.13%,5000.0,47506.0,595316.0,13.71,427843.0,18.56,2.97,
51,83.0,TIGER KOFR금리액티브(합성),104855.0,20.0,+0.02%,0.0,46490.0,44337.0,0.0,44610.0,,,
52,84.0,SK바이오사이언스,60500.0,1300.0,-2.10%,500.0,46481.0,76828.0,6.64,124175.0,207.9,1.3,
53,85.0,CJ제일제당,304500.0,6500.0,-2.09%,5000.0,45840.0,15054.0,24.35,23639.0,12.92,5.55,
57,86.0,GS,47850.0,50.0,+0.10%,5000.0,44460.0,92915.0,24.2,139777.0,3.48,10.05,
58,87.0,SKC,115000.0,2900.0,-2.46%,5000.0,43549.0,37868.0,14.24,223880.0,-15.81,-17.57,
59,88.0,LG유플러스,9930.0,50.0,-0.50%,5000.0,43356.0,436611.0,37.28,811588.0,6.96,7.49,
60,89.0,엔씨소프트,197400.0,8600.0,-4.17%,500.0,43337.0,21954.0,38.28,99582.0,20.43,6.58,
61,90.0,현대제철,32200.0,450.0,-1.38%,5000.0,42970.0,133446.0,25.09,288671.0,9.32,2.44,
65,91.0,현대로템,38950.0,950.0,+2.50%,5000.0,42511.0,109142.0,17.05,5136650.0,26.41,10.06,
66,92.0,삼성카드,36550.0,200.0,-0.54%,5000.0,42346.0,115859.0,6.75,102354.0,6.95,7.61,
67,93.0,코웨이,56100.0,1100.0,-1.92%,500.0,41402.0,73800.0,61.46,77065.0,8.78,19.03,
68,94.0,한미약품,320500.0,7500.0,-2.29%,2500.0,41059.0,12811.0,17.4,57445.0,28.08,16.01,
69,95.0,현대오토에버,148700.0,2300.0,+1.57%,500.0,40779.0,27424.0,2.21,189608.0,29.6,9.01,
73,96.0,한진칼,60900.0,600.0,-0.98%,2500.0,40658.0,66762.0,21.37,56707.0,10.64,14.79,
74,97.0,LIG넥스원,181700.0,2600.0,+1.45%,5000.0,39974.0,22000.0,19.42,396510.0,22.85,17.61,
75,98.0,금호석유,134300.0,4700.0,-3.38%,5000.0,38340.0,28548.0,22.06,68331.0,9.68,7.77,
76,99.0,NH투자증권,11550.0,270.0,+2.39%,5000.0,38307.0,331666.0,16.97,1287904.0,7.28,7.5,
77,100.0,한국금융지주,67500.0,700.0,+1.05%,5000.0,37615.0,55726.0,40.82,127141.0,5.21,8.45,
1,101.0,오리온,93200.0,2300.0,-2.41%,500.0,36848.0,39536.0,33.12,187966.0,9.78,13.91,
2,102.0,현대건설,32950.0,250.0,-0.75%,5000.0,36692.0,111356.0,24.03,396747.0,6.91,6.77,
3,103.0,CJ,123300.0,5100.0,-3.97%,5000.0,35975.0,29177.0,12.66,331352.0,22.57,3.64,
4,104.0,삼성증권,39150.0,50.0,-0.13%,5000.0,34961.0,89300.0,34.41,168706.0,6.39,8.54,
5,105.0,쌍용C&E,7000.0,0.0,0.00%,100.0,34909.0,498697.0,1.35,232657.0,16.02,13.85,
9,106.0,한화시스템,18470.0,180.0,+0.98%,5000.0,34893.0,188919.0,4.54,2404213.0,9.99,16.87,
10,107.0,현대차우,144700.0,5500.0,-3.66%,5000.0,34892.0,24113.0,67.07,151065.0,3.32,,
11,108.0,강원랜드,16050.0,470.0,-2.85%,500.0,34337.0,213940.0,14.73,860200.0,10.08,9.61,
12,109.0,LS,105500.0,4700.0,-4.26%,5000.0,33971.0,32200.0,15.4,317172.0,7.79,9.63,
13,110.0,한온시스템,5960.0,40.0,+0.68%,100.0,31814.0,533800.0,15.45,1332747.0,62.08,2.21,
17,111.0,키움증권,119600.0,400.0,-0.33%,5000.0,31367.0,26227.0,25.71,47611.0,7.96,9.27,
18,112.0,TIGER 미국나스닥100,110290.0,290.0,-0.26%,0.0,30771.0,27900.0,0.05,120343.0,,,
19,113.0,TIGER 미국S&P500,17705.0,85.0,-0.48%,0.0,30364.0,171500.0,0.0,2679946.0,,,
20,114.0,LS ELECTRIC,97400.0,600.0,-0.61%,5000.0,29220.0,30000.0,15.02,284918.0,14.19,12.61,
21,115.0,KODEX 종합채권(AA-이상)액티브,109770.0,230.0,-0.21%,0.0,29155.0,26560.0,0.0,16330.0,,,
25,116.0,F&F,74600.0,1900.0,-2.48%,100.0,28577.0,38307.0,13.81,163017.0,6.72,38.43,
26,117.0,롯데지주,27200.0,200.0,-0.73%,200.0,28535.0,104909.0,8.5,91660.0,-187.59,-0.22,
27,118.0,현대해상,31000.0,450.0,+1.47%,500.0,27714.0,89400.0,36.37,572599.0,3.77,12.44,
28,119.0,효성중공업,290000.0,2000.0,+0.69%,5000.0,27041.0,9325.0,11.63,59102.0,23.32,11.29,
29,120.0,CJ대한통운,118000.0,1100.0,-0.92%,5000.0,26919.0,22812.0,13.32,59401.0,11.97,6.27,
33,121.0,한미사이언스,38100.0,850.0,+2.28%,500.0,26654.0,69957.0,2.19,425195.0,23.15,15.23,
34,122.0,TIGER 200,38155.0,95.0,+0.25%,0.0,26556.0,69600.0,8.94,1574705.0,,,
35,123.0,이수페타시스,40900.0,500.0,-1.21%,1000.0,25868.0,63246.0,10.68,3401719.0,54.17,19.51,
36,124.0,KODEX 24-12 은행채(AA+이상)액티브,10240.0,5.0,-0.05%,0.0,25271.0,246790.0,0.0,19729.0,,,
37,125.0,한전기술,65300.0,700.0,-1.06%,200.0,24958.0,38220.0,7.4,81349.0,76.46,5.99,
41,126.0,현대미포조선,62400.0,400.0,-0.64%,5000.0,24924.0,39942.0,20.02,228031.0,-17.44,-6.96,
42,127.0,BNK금융지주,7720.0,90.0,-1.15%,5000.0,24865.0,322088.0,36.83,676963.0,3.57,8.43,
43,128.0,한화생명,2860.0,25.0,+0.88%,5000.0,24840.0,868530.0,9.63,1463127.0,3.15,9.05,
44,129.0,아모레G,29900.0,650.0,+2.22%,500.0,24655.0,82458.0,10.12,372384.0,24.05,3.57,
45,130.0,호텔신라,62800.0,100.0,-0.16%,5000.0,24648.0,39248.0,16.15,531550.0,29.22,14.98,
49,131.0,한국가스공사,26400.0,400.0,-1.49%,5000.0,24371.0,92313.0,6.46,221580.0,-3.2,-7.68,
50,132.0,JB금융지주,12430.0,230.0,-1.82%,5000.0,24249.0,195083.0,35.67,368716.0,4.03,13.76,
51,133.0,씨에스윈드,56500.0,600.0,-1.05%,500.0,23827.0,42171.0,13.67,603562.0,119.96,2.24,
52,134.0,두산,144000.0,1000.0,-0.69%,5000.0,23794.0,16524.0,17.44,157399.0,-7.94,-22.74,
53,135.0,TIGER 미국필라델피아반도체나스닥,17810.0,85.0,+0.48%,0.0,23661.0,132850.0,0.26,2819661.0,,,
57,136.0,휠라홀딩스,38700.0,150.0,+0.39%,1000.0,23511.0,60752.0,45.55,77501.0,55.21,2.25,
58,137.0,한솔케미칼,207000.0,4500.0,+2.22%,5000.0,23464.0,11335.0,38.3,134816.0,22.27,13.1,
59,138.0,농심,380000.0,500.0,+0.13%,5000.0,23114.0,6083.0,19.65,37976.0,13.45,7.26,
60,139.0,에스원,60200.0,100.0,-0.17%,500.0,22876.0,37999.0,55.05,32440.0,12.07,12.14,
61,140.0,KCC,255000.0,2500.0,-0.97%,5000.0,22660.0,8886.0,13.77,27389.0,10.66,4.13,
65,141.0,제일기획,19170.0,110.0,-0.57%,200.0,22053.0,115041.0,25.55,213187.0,11.78,14.99,
66,142.0,팬오션,4080.0,60.0,-1.45%,1000.0,21810.0,534570.0,12.96,2126336.0,8.91,5.32,
67,143.0,KODEX 200TR,13105.0,50.0,+0.38%,0.0,21722.0,165750.0,0.0,86726.0,,,
68,144.0,LG화학우,282500.0,7000.0,-2.42%,5000.0,21721.0,7689.0,56.04,24728.0,16.53,,
69,145.0,롯데에너지머티리얼즈,46950.0,1100.0,-2.29%,500.0,21649.0,46111.0,9.31,391448.0,-66.5,-2.25,
73,146.0,GS리테일,20450.0,350.0,-1.68%,1000.0,21415.0,104718.0,7.47,149559.0,121.01,0.44,
74,147.0,TIGER 차이나전기차SOLACTIVE,8090.0,110.0,+1.38%,0.0,21206.0,262120.0,0.48,3593691.0,,,
75,148.0,BGF리테일,121500.0,400.0,-0.33%,1000.0,21000.0,17284.0,28.89,56911.0,10.72,19.23,
76,149.0,KODEX 레버리지,20370.0,130.0,+0.64%,0.0,20920.0,102700.0,1.27,14929429.0,,,
77,150.0,롯데쇼핑,72900.0,1500.0,-2.02%,5000.0,20622.0,28289.0,8.98,43975.0,11.82,1.83,
1,151.0,DB하이텍,46350.0,550.0,-1.17%,5000.0,20579.0,44399.0,24.83,613619.0,7.81,15.65,
2,152.0,TIGER 미국테크TOP10 INDXX,17795.0,0.0,0.00%,0.0,20553.0,115500.0,0.01,1129672.0,,,
3,153.0,대한전선,10830.0,40.0,+0.37%,1000.0,20192.0,186447.0,7.71,8116190.0,21.24,7.83,
4,154.0,한화,26700.0,300.0,-1.11%,5000.0,20014.0,74959.0,16.21,213419.0,6.87,3.52,
5,155.0,에이피알,256500.0,5500.0,+2.19%,500.0,19454.0,7584.0,2.89,164866.0,22.81,54.88,
9,156.0,이마트,67900.0,1200.0,-1.74%,5000.0,18928.0,27876.0,23.81,151916.0,-21.25,-0.79,
10,157.0,한올바이오파마,35800.0,2500.0,-6.53%,500.0,18702.0,52241.0,5.8,1006869.0,534.33,1.98,
11,158.0,영원무역,41200.0,400.0,-0.96%,500.0,18256.0,44311.0,29.2,81623.0,3.54,17.03,
12,159.0,OCI홀딩스,92700.0,1600.0,-1.70%,5000.0,18175.0,19606.0,22.26,55248.0,2.57,18.69,
13,160.0,신세계,178600.0,300.0,+0.17%,5000.0,17583.0,9845.0,19.81,50130.0,7.81,5.41,
17,161.0,동원산업,37750.0,950.0,-2.45%,1000.0,17547.0,46483.0,1.29,43362.0,8.14,8.62,
18,162.0,동서,17390.0,70.0,+0.40%,500.0,17338.0,99700.0,3.9,96888.0,11.97,9.23,
19,163.0,이수스페셜티케미컬,306000.0,13000.0,-4.08%,5000.0,17135.0,5600.0,6.91,192990.0,-183.56,,
20,164.0,금호타이어,5770.0,80.0,-1.37%,5000.0,16575.0,287260.0,6.3,203907.0,10.51,13.2,
21,165.0,HD현대인프라코어,8250.0,110.0,-1.32%,1000.0,16467.0,199603.0,12.9,1738714.0,7.12,13.37,
25,166.0,KODEX 200선물인버스2X,1975.0,12.0,-0.60%,0.0,16272.0,823900.0,2.06,186209294.0,,,
26,167.0,삼양식품,215500.0,2500.0,-1.15%,5000.0,16234.0,7533.0,12.25,52754.0,12.86,24.81,
27,168.0,오뚜기,403000.0,2000.0,-0.49%,5000.0,16152.0,4008.0,10.45,2640.0,10.07,8.55,
28,169.0,한전KPS,35600.0,700.0,-1.93%,200.0,16020.0,45000.0,10.89,146058.0,9.85,13.08,
29,170.0,현대엘리베이,40600.0,800.0,-1.93%,5000.0,15872.0,39092.0,26.52,45887.0,5.05,26.15,
33,171.0,HL만도,33350.0,650.0,-1.91%,1000.0,15660.0,46957.0,25.91,150298.0,11.55,6.18,
34,172.0,한국앤컴퍼니,16450.0,800.0,+5.11%,500.0,15617.0,94935.0,9.69,243526.0,8.34,4.76,
35,173.0,대우건설,3750.0,35.0,-0.92%,5000.0,15586.0,415623.0,10.84,758252.0,3.05,13.19,
36,174.0,현대위아,57200.0,1000.0,-1.72%,5000.0,15556.0,27195.0,15.37,191530.0,17.01,2.73,
37,175.0,효성첨단소재,345000.0,2500.0,-0.72%,5000.0,15456.0,4480.0,10.49,17400.0,43.47,5.13,
41,176.0,덴티움,137000.0,4000.0,-2.84%,500.0,15164.0,11069.0,18.89,47751.0,15.71,23.02,
42,177.0,TCC스틸,57600.0,1000.0,-1.71%,1000.0,15099.0,26214.0,6.5,225005.0,-193.29,-3.57,
43,178.0,코스모화학,38500.0,600.0,-1.53%,1000.0,14787.0,38408.0,6.39,418418.0,-52.03,-10.55,
44,179.0,에스엘,31650.0,350.0,-1.09%,500.0,14701.0,46449.0,15.97,68334.0,4.38,18.83,
45,180.0,에스디바이오센서,11700.0,230.0,-1.93%,500.0,14564.0,124477.0,6.74,129386.0,-2.83,-16.22,
49,181.0,코스맥스,127900.0,2100.0,-1.62%,500.0,14516.0,11350.0,27.8,104011.0,25.41,12.11,
50,182.0,하이트진로,20650.0,150.0,-0.72%,5000.0,14483.0,70134.0,11.13,72076.0,41.3,3.16,
51,183.0,녹십자,123400.0,100.0,+0.08%,5000.0,14421.0,11687.0,18.71,30431.0,-54.15,-2.03,
52,184.0,SK가스,156100.0,2300.0,+1.50%,5000.0,14408.0,9230.0,7.43,9922.0,4.56,12.85,
53,185.0,효성티앤씨,332000.0,7000.0,+2.15%,5000.0,14368.0,4328.0,10.95,35101.0,15.42,7.46,
57,186.0,DGB금융지주,8470.0,20.0,-0.24%,5000.0,14327.0,169146.0,45.82,310460.0,3.32,7.38,
58,187.0,KBSTAR 머니마켓액티브,51970.0,10.0,-0.02%,0.0,14289.0,27494.0,0.03,123920.0,,,
59,188.0,종근당,107700.0,3600.0,-3.23%,2500.0,14189.0,13174.0,13.5,52479.0,6.68,29.56,
60,189.0,DL이앤씨,36450.0,500.0,-1.35%,5000.0,14104.0,38694.0,29.0,93748.0,8.33,4.12,
61,190.0,KBSTAR 200,38415.0,110.0,+0.29%,0.0,13964.0,36350.0,0.04,379361.0,,,
65,191.0,풍산,49700.0,800.0,-1.58%,5000.0,13928.0,28024.0,15.26,377774.0,8.9,8.22,
66,192.0,LX세미콘,85400.0,4600.0,+5.69%,500.0,13890.0,16264.0,27.16,480000.0,13.73,10.5,
67,193.0,대웅제약,119000.0,6100.0,-4.88%,2500.0,13788.0,11587.0,9.75,52695.0,11.33,17.7,
68,194.0,더존비즈온,44700.0,1150.0,+2.64%,500.0,13581.0,30383.0,16.56,282409.0,40.02,8.19,
69,195.0,코리안리,8140.0,190.0,-2.28%,500.0,13461.0,165368.0,25.74,1299635.0,4.18,5.91,
73,196.0,두산퓨얼셀,20500.0,500.0,-2.38%,100.0,13426.0,65494.0,12.21,219041.0,-197.12,-1.64,
74,197.0,대덕전자,26900.0,100.0,-0.37%,500.0,13293.0,49417.0,9.32,2526758.0,54.56,2.95,
75,198.0,KODEX 삼성그룹,9985.0,75.0,+0.76%,0.0,13260.0,132800.0,11.31,190593.0,,,
76,199.0,TIGER 2차전지테마,25495.0,425.0,-1.64%,0.0,13155.0,51600.0,0.21,837246.0,,,
77,200.0,TIGER MSCI Korea TR,16255.0,65.0,+0.40%,0.0,13020.0,80100.0,0.0,3451.0,,,
1,201.0,솔루엠,25950.0,50.0,-0.19%,500.0,12976.0,50006.0,20.39,304750.0,10.78,34.83,
2,202.0,GS건설,14980.0,80.0,-0.53%,5000.0,12820.0,85581.0,17.78,321079.0,-2.66,-10.54,
3,203.0,SK네트웍스,5750.0,70.0,-1.20%,2500.0,12723.0,221278.0,14.64,413975.0,-1916.67,-0.03,
4,204.0,KODEX Top5PlusTR,22940.0,35.0,-0.15%,0.0,12617.0,55000.0,9.09,15522.0,,,
5,205.0,현대백화점,53500.0,600.0,-1.11%,5000.0,12520.0,23402.0,22.93,100073.0,-15.69,-1.76,
9,206.0,효성,59200.0,600.0,-1.00%,5000.0,12474.0,21071.0,7.24,62977.0,19733.3,0.0,
10,207.0,삼아알미늄,84000.0,600.0,+0.72%,500.0,12358.0,14712.0,38.72,48082.0,355.93,1.73,
11,208.0,동원시스템즈,42450.0,150.0,-0.35%,5000.0,12307.0,28991.0,13.96,345925.0,19.35,8.56,
12,209.0,TIGER TOP10,12715.0,15.0,+0.12%,0.0,12276.0,96550.0,17.9,173517.0,,,
13,210.0,솔루스첨단소재,17210.0,150.0,+0.88%,100.0,12084.0,70217.0,6.58,2403423.0,8.34,29.34,
17,211.0,KG모빌리티,6230.0,150.0,-2.35%,5000.0,12080.0,193900.0,24.79,604031.0,129.79,0.82,
18,212.0,롯데정밀화학,46750.0,350.0,-0.74%,5000.0,12062.0,25800.0,21.72,51737.0,6.63,7.78,
19,213.0,KODEX 단기채권PLUS,110085.0,20.0,+0.02%,0.0,12028.0,10926.0,0.0,22166.0,,,
20,214.0,롯데칠성,129000.0,1700.0,-1.30%,500.0,11970.0,9279.0,12.25,17112.0,7.82,11.61,
21,215.0,한국콜마,50700.0,800.0,-1.55%,500.0,11968.0,23605.0,30.33,208888.0,223.35,0.79,
25,216.0,KODEX 2차전지산업,21360.0,355.0,-1.63%,0.0,11898.0,55700.0,0.05,1418417.0,,,
26,217.0,영원무역홀딩스,85400.0,400.0,-0.47%,500.0,11645.0,13636.0,19.27,30851.0,3.13,16.88,
27,218.0,롯데웰푸드,123200.0,100.0,+0.08%,500.0,11623.0,9435.0,11.67,4115.0,16.48,3.46,
28,219.0,대웅,19790.0,410.0,-2.03%,500.0,11506.0,58142.0,5.87,43645.0,7.54,17.31,
29,220.0,한샘,48750.0,1450.0,-2.89%,1000.0,11473.0,23534.0,14.12,17708.0,-18.46,-15.77,
33,221.0,HDC현대산업개발,17300.0,350.0,-1.98%,5000.0,11402.0,65907.0,16.92,141142.0,6.59,5.87,
34,222.0,KBSTAR 종합채권(A-이상)액티브,101805.0,165.0,-0.16%,0.0,11284.0,11084.0,0.0,791.0,,,
35,223.0,HD현대건설기계,57100.0,1700.0,-2.89%,5000.0,11249.0,19701.0,17.51,174342.0,8.07,9.17,
36,224.0,SK리츠,4140.0,5.0,-0.12%,500.0,11183.0,270133.0,7.39,403921.0,318.46,0.33,
37,225.0,DL,53300.0,400.0,-0.74%,5000.0,11169.0,20956.0,12.34,28677.0,-9.04,-3.44,
41,226.0,세방전지,76700.0,2000.0,-2.54%,500.0,10738.0,14000.0,27.66,83261.0,9.19,9.29,
42,227.0,SK케미칼,61900.0,900.0,-1.43%,5000.0,10680.0,17254.0,13.16,22161.0,30.08,1.87,
43,228.0,LX인터내셔널,26750.0,50.0,+0.19%,5000.0,10368.0,38760.0,19.78,174105.0,8.85,5.17,
44,229.0,코오롱인더,37650.0,450.0,-1.18%,5000.0,10361.0,27519.0,13.69,76538.0,26.66,1.58,
45,230.0,롯데렌탈,28100.0,500.0,+1.81%,5000.0,10294.0,36634.0,5.05,106495.0,8.58,9.01,
49,231.0,ACE 미국30년국채액티브(H),8500.0,160.0,-1.85%,0.0,10106.0,118900.0,0.01,4802292.0,,,
50,232.0,KODEX 미국S&P500TR,16055.0,75.0,-0.46%,0.0,9890.0,61600.0,0.0,3097895.0,,,
51,233.0,ESR켄달스퀘어리츠,4495.0,75.0,+1.70%,1000.0,9578.0,213089.0,44.79,525598.0,80.27,1.05,
52,234.0,세아제강지주,228000.0,4500.0,+2.01%,5000.0,9443.0,4142.0,9.76,5624.0,3.33,17.18,
53,235.0,하나투어,58700.0,2100.0,-3.45%,500.0,9415.0,16039.0,10.7,210681.0,20.02,32.03,
57,236.0,메리츠 KIS CD금리투자 ETN,51895.0,0.0,0.00%,0.0,9393.0,18100.0,0.0,3.0,,,
58,237.0,KODEX 코스닥150레버리지,12565.0,845.0,-6.30%,0.0,9361.0,74500.0,2.38,22571879.0,,,
59,238.0,대한유화,143000.0,5000.0,+3.62%,5000.0,9295.0,6500.0,7.77,74155.0,-32.01,-1.58,
60,239.0,일진전기,19400.0,460.0,-2.32%,1000.0,9251.0,47685.0,4.96,1967223.0,22.27,9.65,
61,240.0,다우기술,20600.0,0.0,0.00%,500.0,9243.0,44867.0,23.21,50230.0,4.09,9.35,
65,241.0,제주항공,11390.0,150.0,-1.30%,1000.0,9185.0,80641.0,3.96,155779.0,6.56,44.86,
66,242.0,ACE 미국S&P500,17890.0,85.0,-0.47%,0.0,9178.0,51300.0,0.64,441452.0,,,
67,243.0,오리온홀딩스,14280.0,0.0,0.00%,500.0,8946.0,62645.0,7.05,48010.0,10.45,3.93,
68,244.0,해성디에스,52500.0,300.0,-0.57%,5000.0,8925.0,17000.0,17.2,100681.0,10.57,17.55,
69,245.0,율촌화학,35950.0,350.0,+0.98%,500.0,8916.0,24800.0,5.1,116244.0,-46.69,-5.96,
73,246.0,일진하이솔루스,24550.0,150.0,-0.61%,500.0,8915.0,36313.0,3.21,28604.0,629.49,0.45,
74,247.0,더블유게임즈,41400.0,400.0,-0.96%,500.0,8899.0,21496.0,14.69,65592.0,5.99,18.62,
75,248.0,TIGER 24-12 금융채(AA-이상),50980.0,0.0,0.00%,0.0,8899.0,17456.0,0.0,2090.0,,,
76,249.0,롯데손해보험,2865.0,250.0,-8.03%,1000.0,8891.0,310336.0,0.88,2126849.0,6.37,-8.7,
77,250.0,DS단석,150100.0,2700.0,-1.77%,500.0,8798.0,5861.0,0.58,34770.0,18.87,19.2,
1,251.0,케이씨텍,41800.0,350.0,-0.83%,500.0,8720.0,20862.0,15.09,261143.0,27.5,7.22,
2,252.0,이노션,21700.0,0.0,0.00%,500.0,8680.0,40000.0,26.05,75721.0,8.53,11.56,
3,253.0,보령,12570.0,290.0,-2.26%,500.0,8634.0,68690.0,9.22,279687.0,21.49,7.55,
4,254.0,미원상사,181700.0,1800.0,+1.00%,500.0,8631.0,4750.0,2.79,763.0,14.43,16.95,
5,255.0,영풍,468000.0,2500.0,-0.53%,5000.0,8621.0,1842.0,4.37,666.0,-14.16,-1.58,
9,256.0,SK디스커버리,45350.0,1400.0,+3.19%,5000.0,8519.0,18786.0,12.23,78628.0,4.84,6.63,
10,257.0,한일시멘트,12300.0,0.0,0.00%,500.0,8519.0,69262.0,3.34,31861.0,5.01,11.21,
11,258.0,한세실업,21200.0,100.0,+0.47%,500.0,8480.0,40000.0,6.75,186805.0,7.57,18.98,
12,259.0,동양생명,5240.0,600.0,-10.27%,5000.0,8455.0,161359.0,83.19,891555.0,6.57,2.99,
13,260.0,경동나비엔,57600.0,4400.0,+8.27%,1000.0,8392.0,14569.0,11.25,220967.0,10.09,15.09,
17,261.0,SK오션플랜트,14120.0,50.0,-0.35%,500.0,8358.0,59196.0,5.41,371944.0,13.56,9.46,
18,262.0,아이에스동서,27650.0,600.0,-2.12%,500.0,8347.0,30187.0,6.27,60901.0,5.3,10.9,
19,263.0,GKL,13400.0,230.0,-1.69%,500.0,8289.0,61856.0,8.16,363862.0,18.9,11.04,
20,264.0,아시아나항공,11110.0,220.0,-1.94%,5000.0,8267.0,74412.0,7.19,170294.0,7.26,16.61,
21,265.0,명신산업,15690.0,90.0,-0.57%,500.0,8233.0,52470.0,6.72,176516.0,5.39,33.22,
25,266.0,넥센타이어,8390.0,10.0,+0.12%,500.0,8194.0,97668.0,6.39,91275.0,8.5,6.26,
26,267.0,TKG휴켐스,19910.0,0.0,0.00%,1000.0,8139.0,40879.0,7.97,34852.0,6.04,,
27,268.0,제이알글로벌리츠,4120.0,10.0,+0.24%,1000.0,8132.0,197376.0,9.33,352859.0,34.92,2.61,
28,269.0,한화엔진,9700.0,40.0,-0.41%,1000.0,8094.0,83447.0,4.57,248670.0,-1616.67,-0.19,
29,270.0,세아베스틸지주,22550.0,650.0,-2.80%,5000.0,8087.0,35862.0,9.78,120518.0,6.31,6.68,
33,271.0,녹십자홀딩스,17120.0,190.0,-1.10%,500.0,8051.0,47028.0,8.15,56545.0,-15.66,-5.37,
34,272.0,TIGER 200 IT,35800.0,260.0,+0.73%,0.0,8048.0,22480.0,0.07,97517.0,,,
35,273.0,NHN,23800.0,1000.0,-4.03%,500.0,8036.0,33766.0,11.5,85222.0,-97.94,-0.51,
36,274.0,KODEX 코스닥150,14730.0,480.0,-3.16%,0.0,8006.0,54350.0,4.51,6741156.0,,,
37,275.0,DN오토모티브,79800.0,1900.0,-2.33%,500.0,7975.0,9994.0,2.69,19214.0,2.9,27.29,
41,276.0,미래에셋생명,4490.0,45.0,-0.99%,5000.0,7948.0,177016.0,1.79,124179.0,5.19,3.56,
42,277.0,신풍제약,15000.0,1300.0,-7.98%,500.0,7948.0,52985.0,7.23,511899.0,-14.44,-19.13,
43,278.0,롯데리츠,3265.0,25.0,-0.76%,500.0,7933.0,242969.0,8.64,141132.0,251.15,0.29,
44,279.0,한화투자증권,3695.0,150.0,-3.90%,5000.0,7928.0,214548.0,6.47,2094791.0,87.98,0.59,
45,280.0,KODEX 반도체,43400.0,555.0,+1.30%,0.0,7834.0,18050.0,0.4,792571.0,,,
49,281.0,대신증권,15300.0,220.0,-1.42%,5000.0,7768.0,50773.0,11.27,120643.0,9.94,4.69,
50,282.0,태광산업,694000.0,21000.0,-2.94%,5000.0,7727.0,1113.0,5.66,3101.0,-41.76,-0.46,
51,283.0,JW중외제약,33050.0,200.0,-0.60%,2500.0,7696.0,23286.0,9.61,132646.0,22.24,14.63,
52,284.0,OCI,85500.0,600.0,-0.70%,5000.0,7687.0,8991.0,8.53,18556.0,8.14,,
53,285.0,LG전자우,44400.0,400.0,-0.89%,5000.0,7631.0,17186.0,41.32,34500.0,11.26,,
57,286.0,후성,8040.0,130.0,-1.59%,500.0,7586.0,94352.0,6.87,258447.0,-14.41,-15.89,
58,287.0,ACE 종합채권(AA-이상)KIS액티브,100320.0,270.0,-0.27%,0.0,7535.0,7511.0,0.0,4254.0,,,
59,288.0,동아쏘시오홀딩스,117000.0,2000.0,-1.68%,5000.0,7428.0,6349.0,14.92,5616.0,12.81,5.82,
60,289.0,KODEX 미국나스닥100TR,16450.0,40.0,-0.24%,0.0,7427.0,45150.0,0.06,265773.0,,,
61,290.0,ACE 미국나스닥100,18955.0,45.0,-0.24%,0.0,7411.0,39100.0,0.0,230397.0,,,
65,291.0,롯데관광개발,9670.0,670.0,-6.48%,500.0,7366.0,76171.0,5.56,2186185.0,-3.55,-132.87,
66,292.0,QV KIS CD금리투자 ETN,51890.0,0.0,0.00%,0.0,7265.0,14000.0,0.0,0.0,,,
67,293.0,진에어,13880.0,310.0,-2.18%,1000.0,7245.0,52200.0,3.84,243292.0,5.41,112.52,
68,294.0,TIGER Fn반도체TOP10,13770.0,140.0,+1.03%,0.0,7229.0,52500.0,0.19,5371739.0,,,
69,295.0,드림텍,10480.0,450.0,-4.12%,100.0,7216.0,68852.0,58.0,578834.0,46.17,3.74,
73,296.0,미원에스씨,143300.0,1300.0,+0.92%,500.0,7165.0,5000.0,0.46,982.0,38.93,4.95,
74,297.0,TIGER 2차전지소재Fn,7775.0,225.0,-2.81%,0.0,7161.0,92100.0,0.25,1605017.0,,,
75,298.0,KODEX 단기채권,109185.0,5.0,0.00%,0.0,7124.0,6525.0,0.07,17745.0,,,
76,299.0,쏘카,21700.0,200.0,+0.93%,100.0,7116.0,32791.0,1.07,55995.0,-16.8,-18.43,
77,300.0,TIGER 미국배당다우존스,11610.0,95.0,-0.81%,0.0,7094.0,61100.0,0.01,1440647.0,,,
1,301.0,KG스틸,7040.0,110.0,-1.54%,5000.0,7041.0,100009.0,5.51,155865.0,3.01,13.09,
2,302.0,삼성화재우,220500.0,500.0,+0.23%,500.0,7038.0,3192.0,29.44,18005.0,6.12,,
3,303.0,CJ CGV,5740.0,140.0,+2.50%,500.0,7028.0,122432.0,6.67,1091906.0,-4.82,-24.12,
4,304.0,TIGER 24-10 회사채(A+이상)액티브,54660.0,10.0,+0.02%,0.0,6927.0,12672.0,0.0,96610.0,,,
5,305.0,흥아해운,2875.0,235.0,+8.90%,500.0,6912.0,240425.0,0.98,16909648.0,20.25,23.02,
9,306.0,KODEX 인버스,4075.0,10.0,-0.24%,0.0,6862.0,168400.0,0.91,24378711.0,,,
10,307.0,대상,19720.0,40.0,-0.20%,1000.0,6833.0,34648.0,15.53,57201.0,10.59,5.11,
11,308.0,삼성 레버리지 WTI원유 선물 ETN,1688.0,38.0,+2.30%,0.0,6820.0,404000.0,0.0,289201.0,,,
12,309.0,KOSEF 200TR,47625.0,130.0,+0.27%,0.0,6787.0,14250.0,0.06,13089.0,,,
13,310.0,DI동일,27350.0,100.0,-0.36%,500.0,6766.0,24739.0,3.84,46770.0,224.18,0.55,
17,311.0,현대지에프홀딩스,4315.0,65.0,-1.48%,500.0,6727.0,155904.0,4.16,223396.0,0.39,49.81,
18,312.0,TIGER 단기통안채,106535.0,5.0,0.00%,0.0,6660.0,6251.0,1.9,4292.0,,,
19,313.0,PI첨단소재,22350.0,650.0,-2.83%,500.0,6563.0,29366.0,7.59,92887.0,-366.39,-0.55,
20,314.0,SNT모티브,44650.0,1250.0,-2.72%,5000.0,6529.0,14623.0,17.85,45715.0,7.51,9.55,
21,315.0,동원F&B,33800.0,50.0,-0.15%,1000.0,6522.0,19296.0,7.89,19196.0,5.99,11.72,
25,316.0,KCC글라스,40650.0,300.0,-0.73%,1000.0,6492.0,15971.0,10.28,20278.0,7.94,5.58,
26,317.0,현대홈쇼핑,53500.0,1900.0,+3.68%,5000.0,6420.0,12000.0,23.99,34273.0,4.71,6.78,
27,318.0,TIGER 단기채권액티브,53625.0,5.0,+0.01%,0.0,6404.0,11942.0,0.0,14953.0,,,
28,319.0,한국단자,61400.0,1500.0,-2.38%,500.0,6395.0,10415.0,24.06,46937.0,8.77,8.09,
29,320.0,쿠쿠홀딩스,17950.0,110.0,-0.61%,100.0,6383.0,35562.0,10.01,35270.0,4.91,12.72,
33,321.0,신세계인터내셔날,17750.0,520.0,-2.85%,1000.0,6337.0,35700.0,5.45,72514.0,16.17,4.67,
34,322.0,SOL 종합채권(AA-이상)액티브,106380.0,215.0,-0.20%,0.0,6332.0,5952.0,0.0,13.0,,,
35,323.0,ARIRANG 200,38895.0,130.0,+0.34%,0.0,6301.0,16200.0,3.13,142400.0,,,
36,324.0,애경케미칼,12800.0,390.0,-2.96%,500.0,6227.0,48649.0,1.38,276670.0,18.82,4.52,
37,325.0,동아에스티,72200.0,3500.0,-4.62%,5000.0,6220.0,8615.0,21.08,63000.0,57.03,1.67,
41,326.0,KODEX 자동차,20600.0,540.0,-2.55%,0.0,6211.0,30150.0,0.59,996877.0,,,
42,327.0,비에이치,17770.0,0.0,0.00%,500.0,6124.0,34464.0,10.48,350024.0,6.75,15.11,
43,328.0,케이카,12710.0,310.0,-2.38%,500.0,6124.0,48182.0,6.9,136084.0,21.54,11.8,
44,329.0,티웨이항공,2835.0,50.0,-1.73%,500.0,6106.0,215379.0,1.64,1527146.0,5.93,91.56,
45,330.0,QV 코스피 변동성 매칭형 양매도 ETN,8650.0,0.0,0.00%,0.0,6055.0,70000.0,0.0,0.0,,,
49,331.0,삼양홀딩스,70500.0,100.0,+0.14%,5000.0,6038.0,8564.0,8.8,5868.0,3.63,9.11,
50,332.0,TIGER 차이나항셍테크,5270.0,45.0,-0.85%,0.0,6037.0,114550.0,0.47,1723520.0,,,
51,333.0,NICE평가정보,10040.0,130.0,+1.31%,500.0,6035.0,60108.0,33.19,51394.0,10.87,15.76,
52,334.0,신영증권,63900.0,400.0,-0.62%,5000.0,6028.0,9434.0,7.55,2856.0,6.19,6.66,
53,335.0,F&F홀딩스,15400.0,300.0,-1.91%,500.0,6024.0,39114.0,0.23,12120.0,4.92,5.84,
57,336.0,대한해운,1885.0,10.0,+0.53%,500.0,6016.0,319177.0,6.88,2042872.0,8.81,4.36,
58,337.0,SNT다이내믹스,17820.0,10.0,+0.06%,2500.0,5926.0,33253.0,5.97,130481.0,11.97,7.29,
59,338.0,신한 레버리지 WTI원유 선물 ETN(H),1182.0,23.0,+1.98%,0.0,5910.0,500000.0,0.0,519260.0,,,
60,339.0,신한알파리츠,6640.0,120.0,+1.84%,1000.0,5850.0,88100.0,9.24,155101.0,7.6,13.98,
61,340.0,KOSEF 국고채10년,111230.0,510.0,-0.46%,0.0,5762.0,5180.0,0.0,42917.0,,,
65,341.0,TIGER 25-10 회사채(A+이상)액티브,52480.0,25.0,-0.05%,0.0,5733.0,10924.0,0.01,99919.0,,,
66,342.0,LS에코에너지,18710.0,280.0,-1.47%,500.0,5730.0,30625.0,2.99,465693.0,138.59,2.82,
67,343.0,교보증권,5010.0,40.0,-0.79%,5000.0,5710.0,113963.0,1.1,16141.0,6.04,3.93,
68,344.0,HANARO 200,38210.0,115.0,+0.30%,0.0,5674.0,14850.0,13.64,71580.0,,,
69,345.0,TIGER 1년은행양도성예금증서액티브(합성),1006210.0,95.0,+0.01%,0.0,5656.0,562.0,0.0,25889.0,,,
73,346.0,빙그레,57400.0,600.0,-1.03%,5000.0,5655.0,9851.0,22.43,40783.0,6.56,14.17,
74,347.0,동국제강,11310.0,70.0,-0.62%,5000.0,5611.0,49608.0,29.89,107564.0,2.31,,
75,348.0,한국카본,10770.0,30.0,-0.28%,500.0,5591.0,51908.0,3.24,199818.0,-36.76,-3.13,
76,349.0,롯데정보통신,36300.0,1300.0,-3.46%,5000.0,5589.0,15396.0,2.19,114072.0,13.31,9.98,
77,350.0,TIGER 미국달러단기채권액티브,11920.0,40.0,+0.34%,0.0,5556.0,46610.0,0.0,141299.0,,,
1,351.0,유니드,82000.0,500.0,-0.61%,5000.0,5549.0,6768.0,14.15,39414.0,34.12,1.8,
2,352.0,SK이터닉스,21650.0,4960.0,+29.72%,200.0,5534.0,25560.0,6.66,8507074.0,,,
3,353.0,자화전자,24650.0,350.0,-1.40%,500.0,5461.0,22156.0,8.48,120759.0,-21.83,-6.76,
4,354.0,엘브이엠씨홀딩스,3155.0,95.0,+3.10%,0.0,5414.0,171588.0,12.85,5081277.0,-7.75,-9.2,
5,355.0,삼양사,52200.0,500.0,-0.95%,5000.0,5384.0,10313.0,4.86,27934.0,5.22,7.58,
9,356.0,유안타증권,2685.0,15.0,-0.56%,5000.0,5359.0,199597.0,64.33,155533.0,8.86,4.08,
10,357.0,LX홀딩스,6980.0,10.0,+0.14%,1000.0,5324.0,76281.0,9.14,52162.0,6.88,4.82,
11,358.0,고려제강,21050.0,250.0,-1.17%,1000.0,5262.0,25000.0,7.55,58810.0,7.37,4.36,
12,359.0,KODEX 미국빅테크10(H),36590.0,110.0,-0.30%,0.0,5225.0,14280.0,0.0,329194.0,,,
13,360.0,KODEX MSCI Korea TR,12965.0,60.0,+0.46%,0.0,5199.0,40100.0,1.62,17827.0,,,
17,361.0,SPC삼립,60000.0,1100.0,+1.87%,5000.0,5177.0,8629.0,2.4,23771.0,10.31,12.43,
18,362.0,TIGER 24-04 회사채(A+이상)액티브,52115.0,5.0,+0.01%,0.0,5153.0,9888.0,0.0,18476.0,,,
19,363.0,프레스티지바이오파마,8550.0,320.0,-3.61%,0.0,5138.0,60096.0,63.15,44284.0,-11.16,3.99,
20,364.0,한화손해보험,4400.0,0.0,0.00%,5000.0,5137.0,116739.0,11.92,358485.0,2.51,27.68,
21,365.0,TIGER 미국배당+7%프리미엄다우존스,10500.0,85.0,-0.80%,0.0,5072.0,48300.0,0.61,1259663.0,,,
25,366.0,아세아,239500.0,500.0,+0.21%,5000.0,5067.0,2116.0,7.65,7393.0,5.54,9.06,
26,367.0,쿠쿠홈시스,22450.0,300.0,+1.35%,100.0,5037.0,22437.0,6.51,22634.0,4.5,14.85,
27,368.0,미래에셋증권2우B,3595.0,0.0,0.00%,5000.0,5033.0,140000.0,8.76,184842.0,8.36,,
28,369.0,서연이화,18320.0,680.0,-3.58%,500.0,4952.0,27028.0,9.58,208355.0,3.14,19.68,
29,370.0,SOL 미국배당다우존스,10645.0,85.0,-0.79%,0.0,4950.0,46500.0,0.16,622776.0,,,
33,371.0,HDC,8220.0,120.0,-1.44%,5000.0,4911.0,59742.0,18.01,86566.0,4.34,4.52,
34,372.0,KODEX 코스닥150선물인버스,3330.0,105.0,+3.26%,0.0,4888.0,146800.0,5.16,43955988.0,,,
35,373.0,SBS,26350.0,750.0,+2.93%,5000.0,4888.0,18551.0,0.0,101650.0,10.4,5.45,
36,374.0,애경산업,18450.0,60.0,-0.32%,1000.0,4873.0,26410.0,5.6,165232.0,9.99,13.08,
37,375.0,삼성 인버스 2X 천연가스 선물 ETN C,97395.0,11880.0,-10.87%,0.0,4870.0,5000.0,0.0,24992.0,,,
41,376.0,신성이엔지,2340.0,45.0,-1.89%,500.0,4817.0,205848.0,7.74,5674678.0,29.62,7.15,
42,377.0,한섬,19990.0,460.0,-2.25%,500.0,4677.0,23398.0,26.28,42498.0,5.87,6.14,
43,378.0,부광약품,6460.0,250.0,-3.73%,500.0,4591.0,71063.0,4.78,516654.0,-14.65,-12.8,
44,379.0,NICE,12210.0,140.0,-1.13%,500.0,4579.0,37503.0,13.52,18417.0,118.54,0.51,
45,380.0,ACE 200,38630.0,100.0,+0.26%,0.0,4578.0,11850.0,11.04,562474.0,,,
49,381.0,엠씨넥스,25200.0,600.0,-2.33%,500.0,4530.0,17978.0,9.43,67910.0,16.23,8.83,
50,382.0,KBSTAR 단기통안채,111125.0,15.0,+0.01%,0.0,4509.0,4058.0,0.0,37199.0,,,
51,383.0,코람코라이프인프라리츠,5050.0,30.0,-0.59%,500.0,4471.0,88534.0,1.65,83093.0,41.74,2.33,
52,384.0,E1,65100.0,200.0,+0.31%,5000.0,4466.0,6860.0,5.67,9190.0,2.09,13.9,
53,385.0,LF,15270.0,270.0,-1.74%,5000.0,4465.0,29240.0,15.75,75395.0,5.41,5.51,
57,386.0,신영증권우,63600.0,200.0,+0.32%,5000.0,4456.0,7006.0,6.16,227.0,6.16,,
58,387.0,화승엔터프라이즈,7330.0,150.0,-2.01%,500.0,4441.0,60589.0,3.44,181549.0,-16.89,-5.0,
59,388.0,KBSTAR 미국나스닥100,18315.0,45.0,-0.25%,0.0,4396.0,24000.0,0.01,208444.0,,,
60,389.0,일동제약,15600.0,290.0,-1.83%,1000.0,4378.0,28063.0,5.58,154084.0,-5.36,-43.75,
61,390.0,세아홀딩스,109100.0,3400.0,-3.02%,5000.0,4364.0,4000.0,0.52,244.0,5.32,3.89,
65,391.0,지역난방공사,37600.0,200.0,+0.53%,5000.0,4354.0,11579.0,0.99,27211.0,2.18,10.63,
66,392.0,KB스타리츠,4290.0,5.0,+0.12%,500.0,4351.0,101414.0,0.23,45825.0,-5.88,-12.09,
67,393.0,코리아써키트,18380.0,130.0,-0.70%,500.0,4341.0,23621.0,1.95,458270.0,-13.74,-8.05,
68,394.0,바이오노트,4185.0,125.0,-2.90%,500.0,4271.0,102056.0,0.27,125350.0,-20.82,-1.3,
69,395.0,한국철강,9960.0,320.0,+3.32%,1000.0,4228.0,42450.0,8.82,663654.0,6.2,8.26,
73,396.0,현대그린푸드,12400.0,240.0,+1.97%,500.0,4201.0,33881.0,9.97,113516.0,8.94,,
74,397.0,삼성SDI우,257000.0,2000.0,+0.78%,5000.0,4158.0,1618.0,19.46,3905.0,9.0,,
75,398.0,퍼시스,36000.0,100.0,-0.28%,1000.0,4140.0,11500.0,19.18,1167.0,6.19,13.33,
76,399.0,현대퓨처넷,3750.0,15.0,-0.40%,500.0,4133.0,110203.0,1.16,183223.0,-220.59,-0.25,
77,400.0,풍산홀딩스,28550.0,250.0,-0.87%,5000.0,4116.0,14417.0,13.87,63465.0,5.1,8.45,
1,401.0,TIGER 리츠부동산인프라,4540.0,10.0,-0.22%,0.0,4086.0,90000.0,0.05,1065734.0,,,
2,402.0,아세아제지,45450.0,450.0,+1.00%,5000.0,4071.0,8957.0,6.75,32061.0,5.02,9.8,
3,403.0,풀무원,10630.0,470.0,-4.23%,500.0,4052.0,38121.0,0.54,99246.0,21.26,5.35,
4,404.0,아모레퍼시픽우,38200.0,600.0,+1.60%,500.0,4033.0,10558.0,53.16,37572.0,14.65,,
5,405.0,맵스리얼티1,4330.0,50.0,-1.14%,0.0,4020.0,92834.0,2.64,106157.0,,,
9,406.0,유진투자증권,4135.0,75.0,-1.78%,5000.0,4005.0,96866.0,7.27,483243.0,13.04,3.09,
10,407.0,삼성FN리츠,5130.0,20.0,-0.39%,500.0,3965.0,77300.0,0.15,56825.0,855.0,,
11,408.0,신도리코,39300.0,300.0,-0.76%,5000.0,3961.0,10080.0,9.93,27688.0,7.2,5.65,
12,409.0,에이프로젠,1494.0,125.0,-7.72%,500.0,3957.0,264837.0,8.74,11751154.0,-6.92,-30.65,
13,410.0,KG케미칼,5770.0,100.0,-1.70%,1000.0,3951.0,68469.0,7.53,391405.0,4.16,11.06,
17,411.0,아세아시멘트,10260.0,70.0,-0.68%,500.0,3950.0,38502.0,5.42,34398.0,4.46,8.96,
18,412.0,제주은행,12240.0,110.0,+0.91%,5000.0,3933.0,32129.0,0.26,2998047.0,76.98,0.97,
19,413.0,한국자산신탁,3145.0,5.0,+0.16%,500.0,3899.0,123978.0,6.16,125335.0,3.01,13.18,
20,414.0,세진중공업,6850.0,420.0,+6.53%,500.0,3894.0,56849.0,1.7,1374501.0,22.76,9.92,
21,415.0,TIGER 미국채30년스트립액티브(합성 H),44115.0,1030.0,-2.28%,0.0,3883.0,8802.0,0.13,220503.0,,,
25,416.0,유나이티드제약,23900.0,500.0,-2.05%,500.0,3883.0,16245.0,6.88,40814.0,8.04,13.47,
26,417.0,세아제강,136100.0,1100.0,+0.81%,5000.0,3860.0,2836.0,11.1,6219.0,2.04,20.68,
27,418.0,영진약품,2105.0,70.0,-3.22%,500.0,3850.0,182893.0,3.14,355781.0,-100.24,-4.32,
28,419.0,남양유업,534000.0,22000.0,-3.96%,5000.0,3845.0,720.0,8.07,7385.0,-7.23,-9.48,
29,420.0,KODEX 국고채3년,59470.0,95.0,-0.16%,0.0,3842.0,6460.0,0.0,20895.0,,,
33,421.0,화신,11000.0,180.0,+1.66%,500.0,3841.0,34920.0,3.79,229187.0,4.97,19.27,
34,422.0,한일홀딩스,12440.0,20.0,+0.16%,1000.0,3836.0,30833.0,2.65,16028.0,3.68,7.12,
35,423.0,히어로즈 머니마켓액티브,50225.0,0.0,0.00%,0.0,3802.0,7570.0,0.0,44840.0,,,
36,424.0,TIGER 종합채권(AA-이상)액티브,52520.0,100.0,-0.19%,0.0,3800.0,7236.0,0.0,2818.0,,,
37,425.0,광동제약,7200.0,120.0,-1.64%,1000.0,3774.0,52421.0,20.49,279435.0,10.21,6.96,
41,426.0,미래에셋 레버리지 원유선물혼합 ETN(H),9185.0,160.0,+1.77%,0.0,3766.0,41000.0,0.0,20324.0,,,
42,427.0,KBSTAR KIS국고채30년Enhanced,71050.0,470.0,-0.66%,0.0,3759.0,5290.0,0.02,33779.0,,,
43,428.0,삼천리,92500.0,300.0,-0.32%,5000.0,3751.0,4055.0,7.71,11584.0,3.12,8.23,
44,429.0,한화리츠,5310.0,40.0,-0.75%,500.0,3749.0,70600.0,0.08,20729.0,,1.61,
45,430.0,SNT홀딩스,22750.0,600.0,-2.57%,500.0,3709.0,16304.0,10.95,40240.0,4.25,8.5,
49,431.0,대신증권우,14260.0,60.0,-0.42%,5000.0,3708.0,26000.0,11.02,46274.0,9.26,,
50,432.0,LG생활건강우,175500.0,2300.0,-1.29%,5000.0,3685.0,2100.0,55.17,10259.0,21.78,,
51,433.0,STX중공업,12900.0,950.0,+7.95%,2500.0,3683.0,28553.0,0.62,604165.0,11.64,15.16,
52,434.0,삼화콘덴서,35350.0,200.0,-0.56%,1000.0,3675.0,10395.0,5.33,83907.0,17.66,8.9,
53,435.0,KISCO홀딩스,22700.0,50.0,-0.22%,1000.0,3672.0,16176.0,5.59,19369.0,4.03,8.38,
57,436.0,KODEX 은행,8025.0,30.0,-0.37%,0.0,3659.0,45600.0,0.0,978093.0,,,
58,437.0,CJ4우(전환),86200.0,2500.0,-2.82%,5000.0,3643.0,4227.0,3.88,32603.0,15.78,,
59,438.0,LX하우시스,40500.0,350.0,+0.87%,5000.0,3632.0,8968.0,16.28,17943.0,6.55,7.66,
60,439.0,남해화학,7290.0,40.0,-0.55%,1000.0,3622.0,49679.0,3.86,89604.0,30.25,2.34,
61,440.0,LS네트웍스,4595.0,15.0,-0.33%,5000.0,3621.0,78803.0,0.38,1223665.0,33.79,1.92,
65,441.0,파미셀,6030.0,410.0,-6.37%,500.0,3619.0,60017.0,5.73,758940.0,100.5,4.56,
66,442.0,ACE 국고채10년,87500.0,360.0,-0.41%,0.0,3615.0,4131.0,0.01,4310.0,,,
67,443.0,KOSEF 200,38170.0,110.0,+0.29%,0.0,3569.0,9350.0,0.0,47772.0,,,
68,444.0,BGF,3720.0,80.0,-2.11%,1000.0,3561.0,95717.0,3.29,107088.0,4.58,4.81,
69,445.0,이아이디,1392.0,0.0,0.00%,200.0,3541.0,254384.0,2.13,0.0,-3.11,-49.27,
73,446.0,백광산업,7790.0,0.0,0.00%,500.0,3499.0,44918.0,1.85,0.0,45.29,3.65,
74,447.0,삼부토건,1708.0,31.0,-1.78%,1000.0,3489.0,204259.0,6.93,5304492.0,-3.35,-35.88,
75,448.0,ARIRANG 국고채10년액티브,52020.0,230.0,-0.44%,0.0,3479.0,6688.0,0.0,770.0,,,
76,449.0,KODEX 단기변동금리부채권액티브,110135.0,20.0,+0.02%,0.0,3457.0,3139.0,0.0,680.0,,,
77,450.0,대동,13480.0,320.0,-2.32%,1000.0,3456.0,25641.0,5.14,242273.0,19.62,4.41,
1,451.0,TIGER 2차전지TOP10,14085.0,205.0,-1.43%,0.0,3444.0,24450.0,0.61,1008646.0,,,
2,452.0,국도화학,37900.0,450.0,-1.17%,5000.0,3415.0,9011.0,18.45,7131.0,44.33,0.92,
3,453.0,KODEX 미국달러SOFR금리액티브(합성),10935.0,35.0,+0.32%,0.0,3405.0,31140.0,0.0,49573.0,,,
4,454.0,TIGER 글로벌자율주행&전기차SOLACTIVE,11050.0,30.0,-0.27%,0.0,3403.0,30800.0,0.57,56277.0,,,
5,455.0,HL홀딩스,33450.0,0.0,0.00%,5000.0,3402.0,10169.0,7.37,15474.0,6.81,5.01,
9,456.0,조광피혁,51100.0,100.0,-0.20%,5000.0,3398.0,6649.0,0.37,1045.0,37.57,2.23,
10,457.0,KODEX 선진국MSCI World,26780.0,95.0,-0.35%,0.0,3374.0,12600.0,0.01,45961.0,,,
11,458.0,KBSTAR 미국S&P500,15420.0,75.0,-0.48%,0.0,3362.0,21800.0,0.01,254045.0,,,
12,459.0,현대차3우B,139700.0,4900.0,-3.39%,5000.0,3359.0,2404.0,23.4,48632.0,3.2,,
13,460.0,KODEX 미국반도체MV,21125.0,60.0,+0.28%,0.0,3359.0,15900.0,0.04,577581.0,,,
17,461.0,송원산업,13990.0,150.0,-1.06%,500.0,3358.0,24000.0,17.02,63116.0,9.63,5.02,
18,462.0,ARIRANG 국고채30년액티브,101360.0,600.0,-0.59%,0.0,3350.0,3305.0,0.0,108.0,,,
19,463.0,한진,22400.0,450.0,-1.97%,5000.0,3348.0,14948.0,6.77,25395.0,12.81,1.86,
20,464.0,한국쉘석유,256500.0,1000.0,+0.39%,5000.0,3334.0,1300.0,58.17,2105.0,8.92,31.27,
21,465.0,대상홀딩스,9180.0,180.0,-1.92%,1000.0,3324.0,36213.0,4.39,277727.0,16.16,2.85,
25,466.0,디아이,11710.0,500.0,-4.10%,500.0,3314.0,28300.0,9.63,1972475.0,105.5,2.09,
26,467.0,대원제약,14890.0,150.0,-1.00%,500.0,3304.0,22190.0,15.1,78611.0,13.69,9.25,
27,468.0,케이씨,24300.0,0.0,0.00%,500.0,3294.0,13554.0,9.66,139536.0,6.93,6.44,
28,469.0,한화3우B,14650.0,190.0,-1.28%,5000.0,3292.0,22472.0,15.95,54446.0,3.77,,
29,470.0,KODEX 코스피,28555.0,35.0,+0.12%,0.0,3284.0,11500.0,0.01,343959.0,,,
33,471.0,ARIRANG 고배당주,13990.0,20.0,-0.14%,0.0,3282.0,23460.0,0.04,490220.0,,,
34,472.0,TIGER 미국나스닥100커버드콜(합성),10460.0,5.0,-0.05%,0.0,3279.0,31350.0,0.02,403714.0,,,
35,473.0,에어부산,2800.0,70.0,-2.44%,1000.0,3266.0,116640.0,0.77,162608.0,3.14,66.45,
36,474.0,HLB글로벌,7330.0,530.0,-6.74%,500.0,3264.0,44523.0,5.11,904247.0,-13.62,-40.28,
37,475.0,ACE 글로벌반도체TOP4 Plus SOLACTIVE,22980.0,140.0,+0.61%,0.0,3263.0,14200.0,0.03,501130.0,,,
41,476.0,TIGER 중장기국채,50100.0,125.0,-0.25%,0.0,3216.0,6420.0,0.0,10288.0,,,
42,477.0,SOL 초단기채권액티브,50955.0,5.0,+0.01%,0.0,3211.0,6302.0,0.02,198800.0,,,
43,478.0,사조대림,35000.0,550.0,-1.55%,5000.0,3208.0,9164.0,4.55,20760.0,3.51,16.87,
44,479.0,알루코,3325.0,120.0,-3.48%,500.0,3206.0,96414.0,1.36,1628855.0,16.62,7.19,
45,480.0,수산인더스트리,22400.0,450.0,-1.97%,200.0,3200.0,14286.0,0.89,60002.0,6.56,10.21,
49,481.0,삼익THK,15210.0,150.0,-0.98%,500.0,3194.0,21000.0,35.56,366958.0,323.62,0.48,
50,482.0,SGC에너지,22150.0,250.0,-1.12%,5000.0,3192.0,14409.0,3.66,33475.0,7.69,5.96,
51,483.0,KODEX 미국채울트라30년선물(H),7960.0,150.0,-1.85%,0.0,3176.0,39900.0,0.01,563573.0,,,
52,484.0,한농화성,20300.0,700.0,-3.33%,500.0,3174.0,15637.0,1.64,467478.0,25.6,7.87,
53,485.0,TIGER 글로벌리튬&2차전지SOLACTIVE(합성),6885.0,15.0,-0.22%,0.0,3170.0,46040.0,0.34,93968.0,,,
57,486.0,대원강업,5100.0,80.0,-1.54%,500.0,3162.0,62000.0,2.11,140160.0,10.32,6.17,
58,487.0,TIGER 인도니프티50,12340.0,20.0,-0.16%,0.0,3153.0,25550.0,0.17,536169.0,,,
59,488.0,이리츠코크렙,4965.0,15.0,-0.30%,500.0,3145.0,63342.0,0.93,58908.0,31.83,4.16,
60,489.0,KODEX 국고채30년액티브,105900.0,490.0,-0.46%,0.0,3144.0,2969.0,0.01,9791.0,,,
61,490.0,스틱인베스트먼트,7540.0,50.0,-0.66%,500.0,3143.0,41678.0,12.97,106255.0,11.39,11.38,
65,491.0,STX엔진,13590.0,510.0,+3.90%,2500.0,3127.0,23009.0,2.54,92721.0,65.97,2.19,
66,492.0,KODEX 25-11 회사채(A+이상)액티브,10395.0,0.0,0.00%,0.0,3118.0,30000.0,0.0,5602.0,,,
67,493.0,DB,1550.0,22.0,-1.40%,500.0,3118.0,201174.0,2.44,306013.0,15.35,5.96,
68,494.0,한투 KIS CD금리투자 ETN,51890.0,0.0,0.00%,0.0,3113.0,6000.0,0.0,0.0,,,
69,495.0,농심홀딩스,67000.0,100.0,-0.15%,5000.0,3107.0,4638.0,2.09,2177.0,4.63,6.11,
73,496.0,KODEX 인도Nifty50,12655.0,20.0,-0.16%,0.0,3100.0,24500.0,0.0,300981.0,,,
74,497.0,종근당홀딩스,61700.0,600.0,+0.98%,2500.0,3091.0,5010.0,5.25,2571.0,6.58,8.61,
75,498.0,한국콜마홀딩스,8380.0,120.0,-1.41%,500.0,3081.0,36770.0,14.38,147068.0,-83.8,-0.61,
76,499.0,BYC,491000.0,0.0,0.00%,5000.0,3067.0,625.0,2.23,642.0,17.42,4.51,
77,500.0,대한제강,12930.0,260.0,-1.97%,1000.0,3027.0,23414.0,6.69,21675.0,4.39,9.88,
